<!-- 
    ROS navigation stack with velocity smoother and safety (reactive) controller
-->
<launch>

<!--
  <include file="$(find diff_wheeled_robot_gazebo)/launch/includes/velocity_smoother.launch.xml"/>
  <include file="$(find diff_wheeled_robot_gazebo)/launch/includes/safety_controller.launch.xml"/>
-->

  <arg name="odom_topic" default="odom" />

  <node pkg="move_base" type="move_base" respawn="false" name="move_base" output="screen">
    <rosparam file="$(find mob_rob_new_9_moveit)/param/costmap_common_params.yaml" command="load" ns="global_costmap" />
    <rosparam file="$(find mob_rob_new_9_moveit)/param/costmap_common_params.yaml" command="load" ns="local_costmap" />
    <rosparam file="$(find mob_rob_new_9_moveit)/param/local_costmap_params.yaml" command="load" />
    <rosparam file="$(find mob_rob_new_9_moveit)/param/global_costmap_params.yaml" command="load" />
    <rosparam file="$(find mob_rob_new_9_moveit)/param/base_local_planner_params.yaml" command="load" />
    <rosparam file="$(find mob_rob_new_9_moveit)/param/dwa_local_planner_params.yaml" command="load" />
    <rosparam file="$(find mob_rob_new_9_moveit)/param/move_base_params.yaml" command="load" />

    <param name="base_local_planner" value="teb_local_planner/TebLocalPlannerROS" />
    <param name="controller_frequency" value="10.0" />

  </node>
</launch>
